{"page_width": 2481, "page_height": 3508, "words": ["MMM.", "(MASTO9)", "MMM", "UNITED STATES", "PPP", "LTD", "Monthly", "Period", "01/Apr/2022", "To", "30/Apr/2022", "Employee", "Code:", "Pay", "Date:", "13/Apr/2022", "MMM", "UNITED STATES", "PPP", "LTD", "(MASTO9)", "Annual", "Salary:", "$175,173.10", "Tenure:", "Fulltime", "Company", "ID", "(99-188-357-512)", "Hourly", "Rate:", "$89.83112", "|", "Amount", "|", "Statutory", "Leave", "7.50", "Hours", "@", "89.83112", "=", "$673.84", "$673.84", "$53,768.37", "Ordinary", "Monthly", "Pay", "155.10", "Hours", "@", "89.83112", "$13,924.11", "$15,501.18", "Gross", "Pay", "$14,597.85", "PAYG", "Tax", "Scale", "2", "$4,450.10", "$21,041.10", "Total", "Deduction", "$4,450.10", "Net", "Pay", "$10,147.85", "Banking", "Direct", "Credit", "Balance", "$10,147.85", "$76,892.60", "Total", "Banking", "$10,147.85", "Smart", "$1,459.88", "$11,541.87", "Payment", "Summary", "Additional", "Information", "Gross", "Taxable", "14,597.85", "115,417.60", "YTD", "Ordinary", "Hours", "812.60", "PAYG", "4,450.10", "38,525.10", "Direct", "Credit", "10,147.85", "76892.60"], "labels": ["O", "O", "O", "O", "O", "O", "O", "O", "B-BEGIN_PAY_PERIOD", "O", "B-END_PAY_PERIOD", "O", "O", "O", "O", "B-PAY_DATE", "O", "O", "O", "O", "O", "O", "O", "O", "O", "O", "O", "O", "O", "O", "O", "O", "O", "O", "O", "O", "O", "O", "O", "O", "O", "O", "O", "O", "O", "O", "O", "O", "O", "O", "O", "O", "O", "O", "O", "O", "B-GROSS_PAY_PER_PERIOD", "O", "O", "O", "O", "B-PAYG_TAX_PER_PERIOD", "O", "O", "O", "O", "O", "O", "B-NET_PAY_PER_PERIOD", "O", "O", "O", "O", "O", "O", "O", "O", "O", "O", "O", "O", "O", "O", "O", "O", "O", "O", "B-GROSS_TAXABLE_PER_PERIOD", "O", "O", "O", "O", "O", "O", "B-PAYG_TAX_PER_PERIOD", "O", "O", "O", "O", "O"], "actual_boxes": [[1666.5, 216.0, 1851.0, 240.0], [270.0, 261.0, 439.5, 294.0], [463.5, 261.0, 726.0, 291.0], [738.0, 261.0, 984.0, 291.0], [1003.5, 261.0, 1071.0, 289.5], [1086.0, 261.0, 1153.5, 289.5], [270.0, 342.0, 411.0, 379.5], [955.5, 904.5, 1065.0, 934.5], [1080.0, 906.0, 1288.5, 942.0], [1300.5, 906.0, 1344.0, 934.5], [1359.0, 906.0, 1566.0, 942.0], [180.0, 1300.5, 324.0, 1333.5], [336.0, 1300.5, 420.0, 1327.5], [180.0, 1362.0, 234.0, 1392.0], [247.5, 1362.0, 321.0, 1386.0], [429.0, 1356.0, 612.0, 1396.5], [793.5, 1360.5, 1026.0, 1386.0], [1038.0, 1360.5, 1257.0, 1386.0], [1273.5, 1360.5, 1333.5, 1386.0], [1347.0, 1362.0, 1407.0, 1386.0], [1422.0, 1360.5, 1572.0, 1390.5], [1749.0, 1359.0, 1849.5, 1386.0], [1863.0, 1360.5, 1960.5, 1392.0], [2082.0, 1360.5, 2262.0, 1390.5], [177.0, 1416.0, 289.5, 1455.0], [427.5, 1414.5, 552.0, 1455.0], [792.0, 1419.0, 942.0, 1452.0], [952.5, 1420.5, 1021.5, 1444.5], [1036.5, 1419.0, 1293.0, 1449.0], [1752.0, 1419.0, 1843.5, 1452.0], [1855.5, 1420.5, 1929.0, 1446.0], [2082.0, 1419.0, 2233.5, 1449.0], [1815.0, 1492.5, 1831.5, 1590.0], [1818.0, 1516.5, 2055.0, 1570.5], [2026.5, 1492.5, 2061.0, 1590.0], [180.0, 1650.0, 310.5, 1683.0], [324.0, 1651.5, 408.0, 1677.0], [652.5, 1650.0, 712.5, 1677.0], [727.5, 1651.5, 810.0, 1677.0], [825.0, 1651.5, 849.0, 1681.5], [867.0, 1650.0, 1002.0, 1677.0], [1017.0, 1660.5, 1035.0, 1669.5], [1035.0, 1650.0, 1161.0, 1680.0], [1911.0, 1650.0, 2028.0, 1680.0], [2136.0, 1650.0, 2298.0, 1680.0], [178.5, 1698.0, 304.5, 1731.0], [318.0, 1698.0, 430.5, 1731.0], [444.0, 1699.5, 498.0, 1731.0], [652.5, 1698.0, 748.5, 1723.5], [763.5, 1698.0, 847.5, 1723.5], [861.0, 1698.0, 886.5, 1728.0], [904.5, 1698.0, 1038.0, 1723.5], [1864.5, 1698.0, 2026.5, 1728.0], [2136.0, 1698.0, 2298.0, 1728.0], [178.5, 1746.0, 271.5, 1771.5], [285.0, 1746.0, 342.0, 1777.5], [1864.5, 1744.5, 2028.0, 1776.0], [180.0, 1839.0, 264.0, 1866.0], [651.0, 1840.5, 705.0, 1866.0], [717.0, 1839.0, 795.0, 1866.0], [808.5, 1839.0, 822.0, 1864.5], [1882.5, 1834.5, 2026.5, 1875.0], [2136.0, 1839.0, 2298.0, 1869.0], [177.0, 1887.0, 255.0, 1914.0], [268.5, 1887.0, 426.0, 1914.0], [1882.5, 1887.0, 2029.5, 1917.0], [180.0, 1935.0, 234.0, 1960.5], [243.0, 1935.0, 300.0, 1966.5], [1864.5, 1933.5, 2028.0, 1965.0], [180.0, 2028.0, 306.0, 2061.0], [180.0, 2071.5, 267.0, 2112.0], [274.5, 2071.5, 364.5, 2112.0], [373.5, 2076.0, 489.0, 2103.0], [1864.5, 2073.0, 2026.5, 2112.0], [2136.0, 2076.0, 2298.0, 2106.0], [177.0, 2122.5, 255.0, 2149.5], [268.5, 2122.5, 396.0, 2155.5], [1864.5, 2122.5, 2028.0, 2154.0], [180.0, 2217.0, 429.0, 2250.0], [1882.5, 2262.0, 2026.5, 2301.0], [2136.0, 2265.0, 2298.0, 2295.0], [180.0, 2481.0, 318.0, 2511.0], [327.0, 2479.5, 477.0, 2511.0], [1266.0, 2479.5, 1426.5, 2505.0], [1440.0, 2479.5, 1618.5, 2505.0], [178.5, 2529.0, 262.5, 2556.0], [274.5, 2529.0, 391.5, 2556.0], [655.5, 2526.0, 798.0, 2566.5], [909.0, 2526.0, 1069.5, 2566.5], [1266.0, 2530.5, 1329.0, 2556.0], [1342.5, 2529.0, 1468.5, 2562.0], [1482.0, 2532.0, 1564.5, 2556.0], [2200.5, 2530.5, 2298.0, 2556.0], [180.0, 2577.0, 264.0, 2602.5], [672.0, 2577.0, 798.0, 2605.5], [927.0, 2577.0, 1069.5, 2605.5], [180.0, 2619.0, 267.0, 2661.0], [274.5, 2619.0, 364.5, 2661.0], [655.5, 2619.0, 798.0, 2661.0], [922.5, 2626.5, 1089.0, 2655.0]], "boxes": [[671, 61, 746, 68], [108, 74, 177, 83], [186, 74, 292, 82], [297, 74, 396, 82], [404, 74, 431, 82], [437, 74, 464, 82], [108, 97, 165, 108], [385, 257, 429, 266], [435, 258, 519, 268], [524, 258, 541, 266], [547, 258, 631, 268], [72, 370, 130, 380], [135, 370, 169, 378], [72, 388, 94, 396], [99, 388, 129, 395], [172, 386, 246, 398], [319, 387, 413, 395], [418, 387, 506, 395], [513, 387, 537, 395], [542, 388, 567, 395], [573, 387, 633, 396], [704, 387, 745, 395], [750, 387, 790, 396], [839, 387, 911, 396], [71, 403, 116, 414], [172, 403, 222, 414], [319, 404, 379, 413], [383, 404, 411, 411], [417, 404, 521, 412], [706, 404, 743, 413], [747, 404, 777, 412], [839, 404, 900, 412], [731, 425, 738, 453], [732, 432, 828, 447], [816, 425, 830, 453], [72, 470, 125, 479], [130, 470, 164, 477], [262, 470, 287, 477], [293, 470, 326, 477], [332, 470, 342, 479], [349, 470, 403, 477], [409, 473, 417, 475], [417, 470, 467, 478], [770, 470, 817, 478], [860, 470, 926, 478], [71, 483, 122, 493], [128, 483, 173, 493], [178, 484, 200, 493], [262, 483, 301, 491], [307, 483, 341, 491], [347, 483, 357, 492], [364, 483, 418, 491], [751, 483, 816, 492], [860, 483, 926, 492], [71, 497, 109, 504], [114, 497, 137, 506], [751, 497, 817, 506], [72, 524, 106, 531], [262, 524, 284, 531], [288, 524, 320, 531], [325, 524, 331, 531], [758, 522, 816, 534], [860, 524, 926, 532], [71, 537, 102, 545], [108, 537, 171, 545], [758, 537, 818, 546], [72, 551, 94, 558], [97, 551, 120, 560], [751, 551, 817, 560], [72, 578, 123, 587], [72, 590, 107, 601], [110, 590, 146, 601], [150, 591, 197, 599], [751, 590, 816, 601], [860, 591, 926, 600], [71, 604, 102, 612], [108, 604, 159, 614], [751, 604, 817, 613], [72, 631, 172, 641], [758, 644, 816, 655], [860, 645, 926, 654], [72, 707, 128, 715], [131, 706, 192, 715], [510, 706, 574, 713], [580, 706, 652, 713], [71, 720, 105, 728], [110, 720, 157, 728], [264, 719, 321, 731], [366, 719, 431, 731], [510, 721, 535, 728], [541, 720, 591, 730], [597, 721, 630, 728], [886, 721, 926, 728], [72, 734, 106, 741], [270, 734, 321, 742], [373, 734, 431, 742], [72, 746, 107, 758], [110, 746, 146, 758], [264, 746, 321, 758], [371, 748, 438, 756]], "docid": "Customer_50_0_", "page": "0"}