{"page_width": 2481, "page_height": 3508, "words": ["MMM.", "(MASTO9)", "MMM", "UNITED STATES", "PPP", "LTD", "Monthly", "Pay", "Packet", "1/85352", "Period", "01/May/2022", "To", "31/May/2022", "Employee", "Code:", "Pay", "Date:", "12/May/2022", "MMM", "UNITED STATES", "PPP", "LTD", "(MASTO9)", "Annual", "Salary:", "$175,173.10", "Tenure:", "Fulltime", "Company", "ID", "(99-188-357-512)", "Hourly", "Rate:", "$89.83112", "|", "Amount", "|", "Ordinary", "Monthly", "Pay", "162.60", "Hours", "@", "89.83112", "$14,597.85", "$30,098.93", "Gross", "Pay", "$14,597.85", "PAYG", "Tax", "Scale", "2", "$4,450.10", "$25,491.10", "Total", "Deduction", "$4,450.10", "Net", "Pay", "$10,147.85", "Banking", "Direct", "Credit", "Balance", "$10,147.85", "$87,040.35", "Total", "Banking", "$10,147.85", "Smart", "$1,459.88", "$13,001.65", "Payment", "Summary", "lela)", "Gross", "Taxable", "14,597.85", "130,015.35", "YTD", "Ordinary", "Hours", "975.10", "PAYG", "4,450.10", "42,975.10", "Direct", "Credit", "10,147.85"], "labels": ["O", "O", "O", "O", "O", "O", "O", "O", "O", "O", "O", "B-BEGIN_PAY_PERIOD", "O", "B-END_PAY_PERIOD", "O", "O", "O", "O", "B-PAY_DATE", "O", "O", "O", "O", "O", "O", "O", "O", "O", "O", "O", "O", "O", "O", "O", "O", "O", "O", "O", "O", "O", "O", "O", "O", "O", "O", "O", "O", "O", "O", "B-GROSS_PAY_PER_PERIOD", "O", "O", "O", "O", "B-PAYG_TAX_PER_PERIOD", "O", "O", "O", "O", "O", "O", "B-NET_PAY_PER_PERIOD", "O", "O", "O", "O", "O", "O", "O", "O", "O", "O", "O", "O", "O", "O", "O", "O", "O", "B-GROSS_TAXABLE_PER_PERIOD", "O", "O", "O", "O", "O", "O", "B-PAYG_TAX_PER_PERIOD", "O", "O", "O", "O"], "actual_boxes": [[1666.5, 216.0, 1851.0, 240.0], [270.0, 261.0, 439.5, 294.0], [463.5, 261.0, 726.0, 291.0], [738.0, 261.0, 984.0, 291.0], [1003.5, 261.0, 1071.0, 289.5], [1086.0, 261.0, 1153.5, 289.5], [270.0, 342.0, 411.0, 379.5], [270.0, 426.0, 333.0, 462.0], [348.0, 426.0, 468.0, 456.0], [270.0, 906.0, 402.0, 937.5], [955.5, 904.5, 1065.0, 934.5], [1080.0, 906.0, 1297.5, 942.0], [1308.0, 906.0, 1353.0, 934.5], [1366.5, 906.0, 1582.5, 942.0], [180.0, 1300.5, 324.0, 1333.5], [336.0, 1300.5, 420.0, 1327.5], [180.0, 1362.0, 234.0, 1392.0], [247.5, 1362.0, 321.0, 1386.0], [429.0, 1356.0, 618.0, 1396.5], [793.5, 1360.5, 1026.0, 1386.0], [1038.0, 1360.5, 1257.0, 1386.0], [1273.5, 1360.5, 1333.5, 1386.0], [1347.0, 1362.0, 1407.0, 1386.0], [1422.0, 1360.5, 1572.0, 1390.5], [1749.0, 1359.0, 1849.5, 1386.0], [1863.0, 1360.5, 1960.5, 1392.0], [2082.0, 1360.5, 2262.0, 1390.5], [177.0, 1416.0, 289.5, 1455.0], [427.5, 1414.5, 552.0, 1455.0], [792.0, 1419.0, 942.0, 1452.0], [952.5, 1420.5, 1021.5, 1444.5], [1036.5, 1419.0, 1293.0, 1449.0], [1752.0, 1419.0, 1843.5, 1452.0], [1855.5, 1420.5, 1929.0, 1446.0], [2082.0, 1419.0, 2233.5, 1449.0], [1815.0, 1492.5, 1831.5, 1590.0], [1818.0, 1516.5, 2055.0, 1570.5], [2026.5, 1492.5, 2061.0, 1590.0], [178.5, 1650.0, 304.5, 1683.0], [318.0, 1650.0, 430.5, 1683.0], [444.0, 1651.5, 498.0, 1683.0], [652.5, 1650.0, 748.5, 1677.0], [763.5, 1651.5, 847.5, 1677.0], [861.0, 1651.5, 886.5, 1681.5], [904.5, 1650.0, 1038.0, 1677.0], [1864.5, 1645.5, 2025.0, 1687.5], [2136.0, 1650.0, 2298.0, 1680.0], [178.5, 1698.0, 271.5, 1725.0], [285.0, 1699.5, 342.0, 1731.0], [1864.5, 1698.0, 2028.0, 1728.0], [180.0, 1792.5, 264.0, 1818.0], [651.0, 1794.0, 705.0, 1818.0], [717.0, 1791.0, 795.0, 1818.0], [808.5, 1792.5, 822.0, 1818.0], [1882.5, 1788.0, 2026.5, 1828.5], [2136.0, 1792.5, 2298.0, 1822.5], [177.0, 1839.0, 255.0, 1866.0], [268.5, 1839.0, 426.0, 1866.0], [1882.5, 1839.0, 2029.5, 1869.0], [180.0, 1887.0, 234.0, 1914.0], [243.0, 1887.0, 300.0, 1920.0], [1864.5, 1887.0, 2028.0, 1917.0], [180.0, 1980.0, 306.0, 2013.0], [180.0, 2023.5, 267.0, 2064.0], [274.5, 2023.5, 364.5, 2064.0], [373.5, 2028.0, 489.0, 2055.0], [1864.5, 2025.0, 2026.5, 2064.0], [2136.0, 2028.0, 2298.0, 2058.0], [177.0, 2076.0, 255.0, 2103.0], [268.5, 2076.0, 396.0, 2109.0], [1864.5, 2076.0, 2028.0, 2106.0], [180.0, 2170.5, 429.0, 2202.0], [1882.5, 2212.5, 2026.5, 2253.0], [2136.0, 2217.0, 2298.0, 2247.0], [180.0, 2433.0, 318.0, 2464.5], [327.0, 2433.0, 477.0, 2464.5], [1560.0, 2427.0, 1623.0, 2469.0], [178.5, 2481.0, 262.5, 2508.0], [274.5, 2481.0, 391.5, 2508.0], [655.5, 2481.0, 798.0, 2511.0], [909.0, 2478.0, 1069.5, 2517.0], [1266.0, 2482.5, 1329.0, 2508.0], [1342.5, 2481.0, 1468.5, 2514.0], [1482.0, 2484.0, 1564.5, 2508.0], [2200.5, 2482.5, 2298.0, 2508.0], [180.0, 2529.0, 264.0, 2556.0], [672.0, 2524.5, 798.0, 2565.0], [925.5, 2529.0, 1069.5, 2559.0], [180.0, 2571.0, 267.0, 2613.0], [274.5, 2571.0, 364.5, 2613.0], [655.5, 2577.0, 798.0, 2605.5]], "boxes": [[671, 61, 746, 68], [108, 74, 177, 83], [186, 74, 292, 82], [297, 74, 396, 82], [404, 74, 431, 82], [437, 74, 464, 82], [108, 97, 165, 108], [108, 121, 134, 131], [140, 121, 188, 129], [108, 258, 162, 267], [385, 257, 429, 266], [435, 258, 522, 268], [527, 258, 545, 266], [550, 258, 637, 268], [72, 370, 130, 380], [135, 370, 169, 378], [72, 388, 94, 396], [99, 388, 129, 395], [172, 386, 249, 398], [319, 387, 413, 395], [418, 387, 506, 395], [513, 387, 537, 395], [542, 388, 567, 395], [573, 387, 633, 396], [704, 387, 745, 395], [750, 387, 790, 396], [839, 387, 911, 396], [71, 403, 116, 414], [172, 403, 222, 414], [319, 404, 379, 413], [383, 404, 411, 411], [417, 404, 521, 412], [706, 404, 743, 413], [747, 404, 777, 412], [839, 404, 900, 412], [731, 425, 738, 453], [732, 432, 828, 447], [816, 425, 830, 453], [71, 470, 122, 479], [128, 470, 173, 479], [178, 470, 200, 479], [262, 470, 301, 477], [307, 470, 341, 477], [347, 470, 357, 479], [364, 470, 418, 477], [751, 469, 816, 480], [860, 470, 926, 478], [71, 483, 109, 491], [114, 484, 137, 493], [751, 483, 817, 492], [72, 510, 106, 518], [262, 511, 284, 518], [288, 510, 320, 518], [325, 510, 331, 518], [758, 509, 816, 521], [860, 510, 926, 519], [71, 524, 102, 531], [108, 524, 171, 531], [758, 524, 818, 532], [72, 537, 94, 545], [97, 537, 120, 547], [751, 537, 817, 546], [72, 564, 123, 573], [72, 576, 107, 588], [110, 576, 146, 588], [150, 578, 197, 585], [751, 577, 816, 588], [860, 578, 926, 586], [71, 591, 102, 599], [108, 591, 159, 601], [751, 591, 817, 600], [72, 618, 172, 627], [758, 630, 816, 642], [860, 631, 926, 640], [72, 693, 128, 702], [131, 693, 192, 702], [628, 691, 654, 703], [71, 707, 105, 714], [110, 707, 157, 714], [264, 707, 321, 715], [366, 706, 431, 717], [510, 707, 535, 714], [541, 707, 591, 716], [597, 707, 630, 714], [886, 707, 926, 714], [72, 720, 106, 728], [270, 719, 321, 731], [373, 720, 431, 729], [72, 732, 107, 744], [110, 732, 146, 744], [264, 734, 321, 742]], "docid": "Customer_50_1_", "page": "1"}